Column1,hepes,k-glut,mg-acet,gsh,spermidine,fthf,cp,aa1,aa2,aa3,atp-gtp,ctp-utp,tRNA,aaRS-mtf,IFs,EFs,RFs,t7pol,ndk-mk-ck-ppiase,factors,ribosomes,DNA,yield
1,0.5,6.0,2.0,2.5,0.2,2.0,2.0,10.0,8.0,4.0,3.0,4.0,3.5,0.4,0.1,2.0,0.2,0.1,0.1,0.05,3.33,0.1,1.15497505
2,1.0,6.0,1.0,1.25,0.1,2.0,2.0,10.0,8.0,1.0,3.0,2.0,1.75,0.1,0.1,1.5,0.1,0.2,0.2,0.05,3.33,0.1,1.47356897
3,0.5,6.0,2.0,2.5,0.1,2.0,2.0,10.0,8.0,4.0,3.0,2.0,1.75,0.2,0.2,4.0,0.2,0.1,0.05,0.2,6.7,0.1,0.802404542
4,1.0,6.0,1.0,2.5,0.1,1.0,4.0,5.0,8.0,2.0,3.0,2.0,1.75,0.2,0.2,4.0,0.2,0.2,0.2,0.05,6.7,0.1,0.662192018
5,0.5,6.0,1.0,2.5,0.1,2.0,2.0,10.0,8.0,4.0,3.0,4.0,7.0,0.2,0.1,2.0,0.2,0.1,0.05,0.05,3.33,0.1,1.158396823
6,0.5,6.0,1.0,1.25,0.2,2.0,4.0,10.0,8.0,1.0,3.0,2.0,1.75,0.2,0.1,2.0,0.2,0.2,0.1,0.2,6.7,0.1,0.715679788
7,2.0,6.0,2.0,1.25,0.2,1.0,2.0,10.0,8.0,1.0,3.0,2.0,7.0,0.2,0.2,2.0,0.2,0.2,0.1,0.2,3.33,0.1,0.755931297
8,1.0,6.0,1.0,2.5,0.4,2.0,4.0,10.0,8.0,1.0,3.0,2.0,1.75,0.1,0.1,2.0,0.1,0.2,0.2,0.05,6.7,0.1,0.610992949
9,1.0,6.0,1.0,1.25,0.2,2.0,2.0,20.0,8.0,2.0,3.0,2.0,3.5,0.2,0.2,2.0,0.1,0.2,0.2,0.05,3.33,0.1,1.877758192
10,2.0,12.0,2.0,2.5,0.4,1.0,2.0,5.0,8.0,2.0,3.0,4.0,1.75,0.1,0.2,2.0,0.2,0.1,0.1,0.1,3.33,0.1,0.147792611
11,2.0,3.0,1.0,2.5,0.2,1.0,2.0,20.0,8.0,2.0,3.0,2.0,3.5,0.4,0.1,2.0,0.2,0.2,0.1,0.05,3.33,0.1,1.711652075
12,1.0,6.0,1.0,1.25,0.1,2.0,4.0,5.0,8.0,4.0,6.0,4.0,1.75,0.4,0.2,2.0,0.2,0.2,0.1,0.1,3.33,0.1,0.001272027
13,2.0,6.0,1.0,5.0,0.1,1.0,2.0,5.0,8.0,4.0,3.0,2.0,1.75,0.4,0.2,1.5,0.05,0.2,0.2,0.05,6.7,0.1,2.056017343
14,1.0,6.0,2.0,1.25,0.2,1.0,2.0,10.0,8.0,1.0,3.0,2.0,3.5,0.2,0.1,4.0,0.2,0.2,0.05,0.2,3.33,0.1,1.05821415
15,1.0,6.0,2.0,1.25,0.4,1.0,2.0,10.0,8.0,1.0,3.0,2.0,1.75,0.2,0.2,4.0,0.2,0.05,0.05,0.05,3.33,0.1,0.471922409
16,0.5,6.0,2.0,2.5,0.2,0.5,2.0,10.0,8.0,2.0,3.0,4.0,7.0,0.1,0.2,4.0,0.2,0.2,0.05,0.05,3.33,0.1,1.267188231
18,2.0,6.0,1.0,2.5,0.2,1.0,4.0,10.0,8.0,1.0,3.0,1.0,1.75,0.2,0.2,4.0,0.2,0.2,0.2,0.05,3.33,0.1,0.572112461
19,2.0,12.0,2.0,1.25,0.1,1.0,2.0,10.0,8.0,2.0,3.0,4.0,1.75,0.2,0.1,4.0,0.2,0.1,0.1,0.05,3.33,0.1,0.146319254
20,1.0,6.0,1.0,1.25,0.2,1.0,2.0,5.0,8.0,1.0,3.0,2.0,1.75,0.1,0.2,1.5,0.2,0.2,0.2,0.2,13.32,0.1,0.61355009
21,1.0,12.0,2.0,1.25,0.1,1.0,2.0,10.0,8.0,1.0,3.0,4.0,1.75,0.2,0.4,2.0,0.2,0.1,0.05,0.05,6.7,0.1,0.325905985
22,2.0,6.0,2.0,2.5,0.2,0.5,2.0,20.0,8.0,1.0,3.0,4.0,1.75,0.1,0.2,2.0,0.1,0.2,0.05,0.05,3.33,0.1,2.136753158
23,1.0,6.0,2.0,2.5,0.2,2.0,4.0,5.0,8.0,2.0,3.0,4.0,7.0,0.1,0.1,2.0,0.1,0.2,0.1,0.05,3.33,0.1,1.170568653
24,1.0,6.0,2.0,2.5,0.4,1.0,2.0,10.0,8.0,1.0,3.0,1.0,3.5,0.1,0.2,2.0,0.1,0.2,0.05,0.05,3.33,0.1,0.956731187
26,0.5,12.0,1.0,2.5,0.4,1.0,4.0,10.0,8.0,2.0,3.0,2.0,1.75,0.1,0.2,1.5,0.2,0.2,0.1,0.05,6.7,0.1,0.08861358
28,0.5,3.0,2.0,1.25,0.2,2.0,2.0,20.0,8.0,1.0,3.0,4.0,1.75,0.4,0.2,2.0,0.05,0.2,0.2,0.1,3.33,0.1,1.864620648
30,1.0,3.0,1.0,2.5,0.1,1.0,2.0,10.0,8.0,4.0,3.0,2.0,1.75,0.1,0.2,4.0,0.2,0.2,0.1,0.2,6.7,0.1,1.271783316
31,0.5,6.0,1.0,5.0,0.1,0.5,6.0,10.0,8.0,2.0,3.0,2.0,1.75,0.1,0.4,4.0,0.2,0.2,0.05,0.05,3.33,0.1,0.026582654
32,1.0,6.0,2.0,1.25,0.1,1.0,2.0,10.0,8.0,2.0,3.0,2.0,1.75,0.1,0.4,2.0,0.05,0.05,0.05,0.05,6.7,0.1,0.863052613
33,1.0,6.0,1.0,1.25,0.4,1.0,2.0,10.0,8.0,1.0,6.0,4.0,3.5,0.2,0.1,1.5,0.2,0.2,0.1,0.05,3.33,0.1,0.463333723
34,0.5,12.0,2.0,2.5,0.1,1.0,2.0,20.0,8.0,1.0,3.0,2.0,1.75,0.2,0.1,2.0,0.2,0.05,0.2,0.2,3.33,0.1,0.157067851
REF,1.0,6.0,2.0,2.5,0.2,1.0,4.0,10.0,4.0,2.0,6.0,2.0,3.5,0.2,0.2,2.0,0.1,0.1,0.1,0.1,6.66,0.1,1
