Condition,hepes,k-glut,mg-acet,gsh,spermidine,fthf,cp,aa1,aa2,aa3,atp-gtp,ctp-utp,tRNA,aaRS-mtf,IFs,EFs,RFs,t7pol,ndk-mk-ck-ppiase,factors,ribosomes,DNA,yield
1,1,3,0.5,5,0.05,0.5,4,5,8,1,1.5,1,7,0.2,0.4,0.5,0.05,0.1,0.2,0.4,6.7,0.1,0.972697236
2,1,1.5,1,5,0.05,0.5,4,5,8,0.5,1.5,1,7,0.2,0.4,0.5,0.05,0.1,0.2,0.1,6.7,0.1,1.563560416
4,1,1.5,0.5,5,0.1,1,2,5,8,0.5,3,1,7,0.2,0.8,1,0.05,0.1,0.2,0.4,6.7,0.1,1.012621708
5,2,3,1,5,0.05,1,8,5,8,0.5,1.5,1,7,0.1,0.4,0.5,0.025,0.1,0.1,0.1,6.7,0.1,0.232696614
6,1,1.5,0.5,5,0.05,1,8,5,4,1,1.5,1,3.5,0.2,0.4,0.5,0.025,0.025,0.2,0.1,6.7,0.1,0.019515543
7,4,3,1,2.5,0.1,1,4,5,8,2,3,1,7,0.2,0.8,0.5,0.025,0.1,0.05,0.4,6.7,0.1,1.690416652
8,2,3,1,2.5,0.2,1,4,5,8,0.5,3,1,7,0.2,0.4,1,0.025,0.1,0.2,0.2,6.7,0.1,2.112783873
9,1,1.5,1,5,0.2,2,8,5,4,0.5,3,1,7,0.2,0.4,0.5,0.025,0.1,0.2,0.2,6.7,0.1,0.520812828
10,4,6,0.5,5,0.1,1,4,5,8,1,1.5,1,7,0.2,0.4,0.5,0.025,0.1,0.1,0.2,13.32,0.1,1.458576147
11,2,3,2,1.25,0.1,0.5,8,5,8,1,3,1,7,0.2,0.8,1,0.1,0.025,0.05,0.4,6.7,0.1,0.928568385
12,4,1.5,1,5,0.2,1,8,5,8,0.5,1.5,1,7,0.1,0.4,1,0.05,0.1,0.05,0.4,6.7,0.1,0.91809677
13,4,1.5,2,5,0.2,1,4,5,8,0.5,3,1,3.5,0.2,0.8,1,0.025,0.1,0.2,0.1,6.7,0.1,1.089629165
14,4,1.5,1,1.25,0.05,1,4,10,8,1,1.5,1,7,0.2,0.4,2,0.05,0.1,0.1,0.4,6.7,0.1,1.622979249
15,1,3,0.5,5,0.05,1,8,5,8,0.5,1.5,4,7,0.2,0.8,0.5,0.025,0.025,0.2,0.1,13.32,0.1,0.065206813
16,1,3,2,1.25,0.1,1,8,5,8,1,3,1,7,0.2,0.4,0.5,0.025,0.025,0.1,0.1,6.7,0.1,0.708660989
17,2,6,0.5,1.25,0.1,2,2,10,16,1,3,1,7,0.2,0.4,0.5,0.025,0.1,0.05,0.4,6.7,0.1,0.939264859
18,2,1.5,1,5,0.1,2,4,5,4,0.5,3,1,7,0.2,0.8,1,0.025,0.1,0.05,0.4,6.7,0.1,1.626290448
19,1,1.5,1,5,0.05,2,8,5,8,1,6,1,7,0.2,0.8,0.5,0.025,0.05,0.2,0.2,6.7,0.1,0.02384791
20,1,3,1,1.25,0.1,0.5,8,5,4,0.5,1.5,1,7,0.2,0.4,0.5,0.05,0.025,0.1,0.2,6.7,0.1,0.263435072
21,4,1.5,1,5,0.05,0.5,2,5,8,0.5,3,1,7,0.1,0.4,1,0.025,0.1,0.2,0.1,6.7,0.1,1.079446775
22,2,3,2,5,0.05,1,8,5,8,0.5,3,2,7,0.1,0.4,0.5,0.05,0.025,0.1,0.4,13.32,0.1,0.837830039
23,4,1.5,0.5,2.5,0.05,1,8,10,8,1,3,1,7,0.2,0.8,1,0.05,0.05,0.1,0.2,6.7,0.1,0.023200472
24,2,1.5,0.5,1.25,0.1,1,8,5,4,2,1.5,1,7,0.2,0.4,0.5,0.05,0.05,0.2,0.1,6.7,0.1,0.038455458
25,2,1.5,2,2.5,0.2,1,8,5,8,0.5,1.5,1,7,0.2,0.4,2,0.025,0.025,0.05,0.4,13.32,0.1,0.302048421
26,2,3,2,5,0.1,1,8,5,8,0.5,3,1,3.5,0.2,0.4,1,0.1,0.025,0.1,0.1,13.32,0.1,0.532228315
27,1,1.5,0.5,5,0.05,1,2,10,4,1,1.5,1,7,0.2,0.4,0.5,0.05,0.1,0.2,0.2,6.7,0.1,0.963488954
28,4,3,0.5,5,0.2,2,4,5,4,1,3,1,7,0.2,0.8,0.5,0.025,0.1,0.05,0.2,13.32,0.1,2.058995874
29,2,1.5,1,2.5,0.1,1,8,5,4,0.5,1.5,1,7,0.2,0.4,1,0.05,0.05,0.1,0.4,20.1,0.1,0.614261651
REF,1,6,2,2.5,0.2,1,4,10,4,2,6,2,3.5,0.2,0.2,2,0.1,0.1,0.1,0.1,6.7,0.1,1
