hepes,k-glut,mg-acet,gsh,spermidine,fthf,cp,aa1,aa2,aa3,atp-gtp,ctp-utp,tRNA,aaRS-mtf,IFs,EFs,RFs,t7pol,ndk-mk-ck-ppiase,factors,ribosomes,DNA
1.0,6,1,5.0,0.2,2.0,2,10,8,4,3,4,3.5,0.1,0.1,4.0,0.05,0.2,0.05,0.1,6.7,0.1
1.0,3,2,2.5,0.2,2.0,2,20,8,1,3,2,1.75,0.4,0.4,2.0,0.05,0.05,0.05,0.05,6.7,0.1
0.5,6,4,2.5,0.2,0.5,2,5,8,1,3,4,7.0,0.4,0.1,4.0,0.05,0.2,0.1,0.1,3.33,0.1
1.0,3,1,2.5,0.1,0.5,2,20,8,1,3,2,1.75,0.4,0.2,2.0,0.1,0.1,0.05,0.1,6.7,0.1
0.5,6,2,5.0,0.2,0.5,2,10,8,2,6,1,1.75,0.4,0.4,1.5,0.05,0.2,0.05,0.2,6.7,0.1
0.5,3.0,1.0,5.0,0.2,1.0,2.0,20.0,8.0,1.0,6.0,1.0,1.75,0.4,0.1,2.0,0.1,0.2,0.2,0.05,3.33,0.1
1.0,6.0,4.0,2.5,0.1,0.5,2.0,20.0,8.0,1.0,3.0,2.0,3.5,0.4,0.1,1.5,0.05,0.1,0.05,0.2,6.7,0.1
1.0,6.0,4.0,1.25,0.2,1.0,2.0,5.0,8.0,2.0,3.0,4.0,3.5,0.4,0.1,2.0,0.05,0.2,0.1,0.1,6.7,0.1
1.0,6.0,1.0,1.25,0.2,1.0,2.0,10.0,4.0,4.0,3.0,2.0,1.75,0.4,0.1,2.0,0.2,0.2,0.2,0.1,6.7,0.1
0.5,6.0,2.0,5.0,0.2,0.5,2.0,10.0,8.0,2.0,6.0,1.0,1.75,0.4,0.4,1.5,0.05,0.2,0.05,0.2,6.7,0.1
2.0,6.0,2.0,5.0,0.4,1.0,2.0,10.0,2.0,2.0,6.0,1.0,3.5,0.4,0.2,1.5,0.05,0.1,0.05,0.05,3.33,0.1
1.0,3.0,1.0,5.0,0.4,0.5,2.0,5.0,4.0,4.0,6.0,1.0,7.0,0.4,0.4,1.5,0.05,0.1,0.05,0.1,3.33,0.1
2.0,6.0,2.0,5.0,0.4,0.5,2.0,20.0,4.0,1.0,3.0,1.0,1.75,0.2,0.4,1.5,0.05,0.05,0.2,0.05,6.7,0.1
2.0,3.0,4.0,5.0,0.2,1.0,4.0,20.0,8.0,1.0,6.0,2.0,1.75,0.2,0.2,4.0,0.05,0.05,0.05,0.05,3.33,0.1
1.0,6.0,2.0,5.0,0.2,1.0,4.0,5.0,4.0,4.0,6.0,1.0,7.0,0.4,0.4,1.5,0.1,0.2,0.05,0.05,6.7,0.1
2.0,3.0,4.0,5.0,0.2,2.0,4.0,5.0,8.0,4.0,3.0,1.0,3.5,0.2,0.1,4.0,0.05,0.1,0.05,0.05,3.33,0.1
0.5,6,1,2.5,0.2,1.0,2,10,4,2,3,4,1.75,0.1,0.1,2.0,0.2,0.2,0.05,0.1,6.7,0.1
1.0,3,4,2.5,0.1,2.0,2,10,2,1,6,2,1.75,0.1,0.4,2.0,0.05,0.2,0.1,0.2,6.7,0.1
2.0,3,2,5.0,0.4,1.0,2,10,2,1,3,4,1.75,0.1,0.2,4.0,0.05,0.2,0.1,0.05,3.33,0.1
1.0,3,2,5.0,0.2,0.5,2,10,8,1,12,4,1.75,0.1,0.4,4.0,0.05,0.2,0.05,0.2,3.33,0.1
