hepes,k-glut,mg-acet,gsh,spermidine,fthf,cp,aa1,aa2,aa3,atp-gtp,ctp-utp,tRNA,aaRS-mtf,IFs,EFs,RFs,t7pol,ndk-mk-ck-ppiase,factors,ribosomes,DNA
2.0,6.0,1.0,1.25,0.2,1.0,4.0,5.0,8.0,1.0,3.0,2.0,7.0,0.2,0.4,1.0,0.05,0.2,0.2,0.05,13.32,0.1
2.0,3.0,1.0,1.25,0.1,1.0,4.0,5.0,8.0,2.0,3.0,1.0,7.0,0.1,0.4,1.0,0.05,0.2,0.2,0.2,6.7,0.1
2.0,3.0,1.0,2.5,0.2,2.0,2.0,10.0,8.0,1.0,3.0,1.0,7.0,0.2,0.2,4.0,0.05,0.05,0.2,0.2,6.7,0.1
2.0,6.0,1.0,5.0,0.4,1.0,4.0,5.0,8.0,1.0,3.0,2.0,7.0,0.2,0.2,1.0,0.05,0.2,0.05,0.2,3.33,0.1
2.0,3.0,1.0,5.0,0.1,2.0,6.0,5.0,8.0,1.0,3.0,4.0,7.0,0.1,0.1,2.0,0.05,0.2,0.1,0.2,6.7,0.1
2.0,3.0,1.0,5.0,0.1,0.5,6.0,5.0,8.0,1.0,3.0,2.0,7.0,0.2,0.4,4.0,0.05,0.2,0.05,0.1,3.33,0.1
2.0,3.0,4.0,1.25,0.1,0.5,2.0,10.0,8.0,2.0,3.0,4.0,7.0,0.1,0.4,1.0,0.05,0.1,0.05,0.2,13.32,0.1
2.0,6.0,1.0,1.25,0.1,0.5,2.0,10.0,8.0,1.0,6.0,4.0,7.0,0.4,0.4,1.0,0.05,0.1,0.1,0.2,6.7,0.1
2.0,3.0,4.0,1.25,0.4,0.5,4.0,5.0,8.0,1.0,3.0,1.0,3.5,0.1,0.4,2.0,0.1,0.1,0.2,0.2,13.32,0.1
2.0,3.0,4.0,5.0,0.4,1.0,2.0,5.0,8.0,1.0,3.0,4.0,7.0,0.1,0.1,1.0,0.05,0.1,0.05,0.1,3.33,0.1
2.0,3.0,4.0,1.25,0.1,2.0,6.0,5.0,8.0,1.0,3.0,4.0,7.0,0.4,0.4,1.0,0.05,0.05,0.1,0.1,3.33,0.1
2.0,3.0,4.0,2.5,0.1,1.0,4.0,5.0,8.0,1.0,3.0,1.0,3.5,0.1,0.4,2.0,0.05,0.05,0.2,0.2,3.33,0.1
2.0,6.0,1.0,2.5,0.4,1.0,2.0,10.0,8.0,1.0,3.0,1.0,7.0,0.1,0.2,1.0,0.2,0.05,0.1,0.2,6.7,0.1
2.0,3.0,2.0,5.0,0.4,0.5,4.0,5.0,8.0,2.0,3.0,4.0,3.5,0.1,0.4,2.0,0.05,0.1,0.2,0.2,3.33,0.1
2.0,3.0,1.0,5.0,0.1,1.0,2.0,5.0,2.0,1.0,3.0,1.0,7.0,0.2,0.4,1.0,0.2,0.2,0.2,0.2,3.33,0.1
2.0,12.0,2.0,5.0,0.2,1.0,2.0,10.0,2.0,1.0,3.0,1.0,7.0,0.1,0.1,2.0,0.2,0.05,0.2,0.2,3.33,0.1
2.0,3.0,1.0,1.25,0.1,1.0,2.0,5.0,8.0,4.0,3.0,4.0,7.0,0.2,0.4,2.0,0.05,0.05,0.05,0.2,6.7,0.1
2.0,3.0,2.0,1.25,0.2,0.5,2.0,20.0,2.0,1.0,3.0,2.0,7.0,0.2,0.4,2.0,0.05,0.05,0.05,0.05,3.33,0.1
2.0,3.0,4.0,1.25,0.4,0.5,6.0,10.0,8.0,1.0,3.0,1.0,7.0,0.4,0.4,4.0,0.1,0.1,0.05,0.05,3.33,0.1
2.0,12.0,4.0,1.25,0.1,0.5,2.0,10.0,8.0,1.0,3.0,2.0,3.5,0.1,0.4,1.0,0.05,0.05,0.05,0.2,6.7,0.1
2.0,6.0,4.0,5.0,0.2,0.5,2.0,5.0,8.0,1.0,3.0,2.0,7.0,0.4,0.2,2.0,0.05,0.1,0.05,0.1,6.7,0.1
0.5,6.0,4.0,5.0,0.4,0.5,4.0,5.0,8.0,1.0,3.0,2.0,7.0,0.1,0.4,4.0,0.05,0.05,0.2,0.2,3.33,0.1
2.0,3.0,4.0,5.0,0.2,0.5,2.0,10.0,2.0,1.0,3.0,4.0,7.0,0.1,0.2,1.0,0.05,0.05,0.2,0.2,3.33,0.1
2.0,3.0,1.0,5.0,0.1,0.5,2.0,10.0,2.0,1.0,3.0,2.0,7.0,0.2,0.4,1.0,0.05,0.1,0.1,0.2,3.33,0.1
2.0,12.0,1.0,5.0,0.1,0.5,2.0,5.0,8.0,1.0,3.0,1.0,7.0,0.1,0.1,2.0,0.1,0.05,0.05,0.2,13.32,0.1
2.0,3.0,2.0,5.0,0.2,2.0,6.0,5.0,8.0,1.0,3.0,2.0,7.0,0.2,0.1,1.0,0.05,0.2,0.05,0.05,13.32,0.1
2.0,3.0,1.0,1.25,0.2,1.0,6.0,10.0,8.0,1.0,3.0,2.0,3.5,0.1,0.4,2.0,0.2,0.1,0.2,0.2,6.7,0.1
2.0,6.0,2.0,2.5,0.1,2.0,2.0,10.0,8.0,1.0,3.0,1.0,7.0,0.4,0.2,1.0,0.2,0.05,0.1,0.2,3.33,0.1
2.0,6.0,2.0,2.5,0.1,0.5,4.0,10.0,2.0,1.0,3.0,1.0,7.0,0.4,0.1,1.0,0.05,0.2,0.2,0.2,3.33,0.1
1.0,3.0,2.0,2.5,0.4,0.5,6.0,5.0,8.0,1.0,3.0,1.0,7.0,0.2,0.4,4.0,0.1,0.2,0.2,0.05,3.33,0.1
1.0,6.0,2.0,2.5,0.2,1.0,4.0,10.0,4.0,2.0,6.0,2.0,3.5,0.2,0.2,2.0,0.1,0.1,0.1,0.1,6.7,0.1
2.0,6.0,1.0,2.5,0.1,2.0,4.0,10.0,8.0,1.0,3.0,2.0,3.5,0.1,0.4,1.0,0.05,0.1,0.05,0.2,13.32,0.1
0.5,6.0,2.0,5.0,0.1,2.0,2.0,5.0,8.0,1.0,6.0,1.0,1.75,0.2,0.4,1.0,0.1,0.1,0.05,0.2,6.7,0.1
2.0,3.0,2.0,5.0,0.1,0.5,6.0,5.0,8.0,1.0,3.0,1.0,7.0,0.2,0.4,1.0,0.05,0.05,0.2,0.2,6.7,0.1
1.0,3.0,2.0,2.5,0.1,0.5,4.0,10.0,2.0,2.0,3.0,1.0,7.0,0.1,0.4,1.0,0.1,0.2,0.05,0.2,13.32,0.1
1.0,3.0,1.0,1.25,0.1,0.5,4.0,5.0,2.0,2.0,3.0,2.0,7.0,0.2,0.4,4.0,0.1,0.2,0.1,0.1,13.32,0.1
0.5,6.0,2.0,2.5,0.1,0.5,4.0,10.0,2.0,2.0,6.0,1.0,1.75,0.1,0.4,4.0,0.1,0.2,0.05,0.2,13.32,0.1
0.5,6.0,1.0,2.5,0.1,2.0,4.0,5.0,4.0,2.0,6.0,1.0,3.5,0.1,0.4,2.0,0.2,0.2,0.1,0.1,13.32,0.1
1.0,3.0,1.0,2.5,0.4,2.0,4.0,10.0,2.0,2.0,3.0,1.0,7.0,0.2,0.4,2.0,0.2,0.1,0.05,0.1,13.32,0.1
1.0,6.0,1.0,2.5,0.2,1.0,4.0,5.0,2.0,2.0,3.0,1.0,3.5,0.4,0.2,2.0,0.2,0.2,0.2,0.2,13.32,0.1
0.5,3.0,1.0,2.5,0.1,1.0,4.0,10.0,4.0,1.0,3.0,2.0,7.0,0.2,0.4,4.0,0.2,0.2,0.05,0.05,13.32,0.1
2.0,3.0,1.0,2.5,0.1,0.5,4.0,5.0,4.0,2.0,3.0,2.0,3.5,0.4,0.2,4.0,0.1,0.2,0.05,0.2,13.32,0.1
0.5,3.0,1.0,1.25,0.4,0.5,4.0,5.0,2.0,2.0,3.0,2.0,7.0,0.1,0.4,4.0,0.05,0.1,0.05,0.1,13.32,0.1
1.0,6.0,1.0,1.25,0.2,0.5,2.0,10.0,2.0,2.0,6.0,1.0,7.0,0.2,0.4,2.0,0.1,0.2,0.05,0.2,13.32,0.1
1.0,3.0,1.0,1.25,0.1,2.0,4.0,5.0,4.0,1.0,6.0,1.0,7.0,0.4,0.4,4.0,0.05,0.05,0.1,0.1,13.32,0.1
2.0,3.0,1.0,2.5,0.2,0.5,4.0,5.0,4.0,1.0,12.0,1.0,7.0,0.4,0.2,2.0,0.1,0.2,0.05,0.1,13.32,0.1
1.0,3.0,2.0,2.5,0.4,1.0,4.0,10.0,2.0,1.0,6.0,4.0,7.0,0.1,0.2,1.0,0.1,0.1,0.1,0.1,13.32,0.1
0.5,3.0,1.0,1.25,0.1,0.5,4.0,5.0,4.0,2.0,3.0,4.0,7.0,0.2,0.4,4.0,0.1,0.1,0.1,0.1,13.32,0.1
0.5,3.0,2.0,2.5,0.2,1.0,4.0,20.0,2.0,2.0,3.0,4.0,1.75,0.1,0.2,4.0,0.1,0.05,0.1,0.1,13.32,0.1
1.0,6.0,1.0,1.25,0.1,1.0,2.0,10.0,4.0,2.0,3.0,1.0,7.0,0.1,0.4,4.0,0.05,0.1,0.05,0.2,13.32,0.1
1.0,3.0,1.0,2.5,0.2,1.0,4.0,5.0,2.0,1.0,6.0,2.0,7.0,0.1,0.2,1.0,0.1,0.1,0.05,0.05,13.32,0.1
1.0,6.0,2.0,2.5,0.2,2.0,4.0,5.0,2.0,2.0,3.0,1.0,3.5,0.2,0.2,1.0,0.2,0.2,0.1,0.2,13.32,0.1
1.0,6.0,1.0,2.5,0.2,0.5,4.0,5.0,4.0,1.0,3.0,2.0,3.5,0.1,0.2,1.0,0.1,0.2,0.1,0.2,13.32,0.1
0.5,3.0,2.0,2.5,0.1,2.0,4.0,5.0,2.0,2.0,6.0,2.0,7.0,0.2,0.4,2.0,0.2,0.1,0.1,0.05,13.32,0.1
0.5,6.0,2.0,2.5,0.1,1.0,4.0,5.0,2.0,4.0,6.0,1.0,7.0,0.2,0.4,4.0,0.1,0.1,0.1,0.1,13.32,0.1
1.0,6.0,1.0,2.5,0.2,0.5,4.0,10.0,4.0,2.0,12.0,1.0,1.75,0.1,0.2,4.0,0.1,0.05,0.05,0.05,13.32,0.1
1.0,3.0,2.0,2.5,0.1,1.0,4.0,5.0,2.0,2.0,3.0,4.0,7.0,0.4,0.2,2.0,0.05,0.2,0.1,0.2,13.32,0.1
2.0,3.0,1.0,2.5,0.2,0.5,4.0,5.0,4.0,2.0,6.0,4.0,7.0,0.1,0.2,2.0,0.05,0.05,0.1,0.2,13.32,0.1
1.0,3.0,1.0,2.5,0.4,2.0,4.0,5.0,2.0,1.0,3.0,2.0,7.0,0.1,0.2,2.0,0.05,0.05,0.05,0.1,13.32,0.1
2.0,6.0,2.0,2.5,0.4,1.0,4.0,5.0,2.0,1.0,3.0,1.0,3.5,0.2,0.4,2.0,0.1,0.1,0.05,0.2,13.32,0.1
1.0,3.0,2.0,2.5,0.4,1.0,4.0,5.0,4.0,1.0,3.0,2.0,7.0,0.4,0.4,2.0,0.1,0.05,0.05,0.2,13.32,0.1
0.5,6.0,1.0,2.5,0.4,2.0,4.0,5.0,4.0,2.0,3.0,1.0,3.5,0.1,0.2,1.0,0.05,0.05,0.2,0.05,13.32,0.1
1.0,6.0,1.0,2.5,0.4,1.0,4.0,10.0,4.0,2.0,6.0,1.0,1.75,0.2,0.4,1.0,0.05,0.05,0.1,0.2,13.32,0.1
2.0,3.0,2.0,2.5,0.1,0.5,4.0,10.0,2.0,2.0,12.0,1.0,7.0,0.2,0.1,4.0,0.05,0.1,0.1,0.05,13.32,0.1
1.0,6.0,2.0,2.5,0.2,1.0,4.0,10.0,4.0,2.0,6.0,2.0,3.5,0.2,0.2,2.0,0.1,0.1,0.1,0.1,6.7,0.1
2.0,6.0,1.0,2.5,0.4,1.0,4.0,5.0,2.0,1.0,6.0,1.0,7.0,0.1,0.4,2.0,0.1,0.05,0.1,0.2,6.7,0.1
1.0,6.0,2.0,2.5,0.2,1.0,4.0,10.0,2.0,1.0,6.0,1.0,7.0,0.4,0.4,1.0,0.1,0.1,0.05,0.1,13.32,0.1
1.0,3.0,2.0,2.5,0.1,0.5,4.0,10.0,2.0,2.0,6.0,1.0,7.0,0.4,0.4,4.0,0.1,0.2,0.05,0.05,13.32,0.1
