hepes;k-glut;mg-acet;gsh;spermidine;fthf;cp;aa1;aa2;aa3;atp-gtp;ctp-utp;tRNA;aaRS-mtf;IFs;EFs;RFs;t7pol;ndk-mk-ck-ppiase;factors;ribosomes;DNA;water
325.0;200.0;650.0;700.0;325.0;175.0;650.0;550.0;875.0;875.0;175.0;175.0;200.0;325.0;325.0;325.0;325.0;675.0;675.0;325.0;725.0;400.0;1025.0
175.0;400.0;325.0;350.0;650.0;650.0;650.0;1100.0;875.0;450.0;325.0;175.0;775.0;325.0;325.0;175.0;325.0;675.0;325.0;175.0;725.0;400.0;650.0
325.0;200.0;325.0;700.0;650.0;325.0;650.0;550.0;875.0;225.0;325.0;175.0;775.0;325.0;325.0;650.0;175.0;675.0;675.0;175.0;725.0;400.0;775.0
325.0;200.0;650.0;700.0;325.0;650.0;650.0;550.0;450.0;875.0;325.0;175.0;775.0;325.0;650.0;650.0;175.0;325.0;175.0;675.0;725.0;400.0;225.0
175.0;825.0;650.0;700.0;650.0;650.0;325.0;1100.0;450.0;450.0;175.0;325.0;775.0;325.0;325.0;325.0;175.0;675.0;175.0;325.0;725.0;400.0;325.0
650.0;200.0;650.0;175.0;325.0;650.0;650.0;550.0;875.0;450.0;325.0;175.0;375.0;325.0;650.0;650.0;175.0;675.0;675.0;325.0;725.0;400.0;300.0
650.0;200.0;325.0;700.0;650.0;175.0;650.0;550.0;875.0;875.0;175.0;175.0;775.0;325.0;650.0;175.0;175.0;175.0;175.0;325.0;1475.0;400.0;400.0
175.0;400.0;650.0;175.0;325.0;325.0;650.0;550.0;1750.0;450.0;175.0;175.0;775.0;325.0;325.0;325.0;325.0;675.0;675.0;175.0;725.0;400.0;475.0
325.0;200.0;650.0;175.0;325.0;325.0;650.0;550.0;875.0;875.0;325.0;175.0;775.0;325.0;650.0;175.0;325.0;175.0;675.0;175.0;1475.0;400.0;400.0
650.0;400.0;325.0;350.0;650.0;175.0;650.0;550.0;875.0;450.0;325.0;175.0;375.0;325.0;325.0;325.0;325.0;175.0;325.0;325.0;1475.0;400.0;1025.0
175.0;400.0;325.0;700.0;650.0;325.0;650.0;550.0;450.0;450.0;325.0;175.0;775.0;175.0;325.0;325.0;175.0;325.0;175.0;325.0;2200.0;400.0;650.0
325.0;400.0;650.0;175.0;650.0;175.0;325.0;550.0;875.0;450.0;175.0;175.0;775.0;325.0;325.0;650.0;325.0;675.0;675.0;325.0;725.0;400.0;875.0
650.0;400.0;325.0;350.0;325.0;325.0;650.0;550.0;450.0;225.0;325.0;175.0;775.0;325.0;650.0;650.0;325.0;325.0;325.0;675.0;1475.0;400.0;300.0
650.0;400.0;325.0;350.0;325.0;650.0;650.0;1100.0;450.0;225.0;175.0;175.0;775.0;175.0;650.0;325.0;175.0;675.0;175.0;175.0;725.0;400.0;1300.0
175.0;825.0;650.0;700.0;325.0;175.0;650.0;550.0;450.0;450.0;325.0;175.0;775.0;325.0;650.0;175.0;325.0;325.0;675.0;175.0;725.0;400.0;1050.0
325.0;825.0;325.0;350.0;650.0;325.0;650.0;1100.0;875.0;225.0;175.0;175.0;375.0;175.0;325.0;175.0;175.0;675.0;675.0;175.0;725.0;400.0;1175.0
650.0;200.0;650.0;700.0;325.0;650.0;650.0;550.0;875.0;875.0;325.0;175.0;200.0;325.0;325.0;325.0;675.0;175.0;675.0;325.0;725.0;400.0;200.0
175.0;200.0;325.0;700.0;650.0;650.0;650.0;550.0;875.0;450.0;325.0;175.0;775.0;175.0;650.0;175.0;175.0;325.0;175.0;175.0;2200.0;400.0;75.0
650.0;200.0;650.0;350.0;325.0;650.0;650.0;550.0;450.0;450.0;175.0;175.0;375.0;325.0;325.0;175.0;325.0;675.0;675.0;675.0;1475.0;400.0;325.0
175.0;400.0;650.0;350.0;325.0;650.0;650.0;550.0;875.0;225.0;175.0;175.0;775.0;325.0;325.0;175.0;675.0;675.0;175.0;325.0;1475.0;400.0;525.0
175.0;825.0;650.0;175.0;650.0;650.0;650.0;550.0;875.0;225.0;175.0;175.0;375.0;325.0;650.0;325.0;175.0;675.0;175.0;325.0;1475.0;400.0;350.0
650.0;200.0;325.0;175.0;650.0;650.0;650.0;550.0;875.0;450.0;325.0;175.0;200.0;325.0;325.0;325.0;325.0;675.0;175.0;175.0;2200.0;400.0;175.0
650.0;200.0;650.0;175.0;325.0;175.0;650.0;1100.0;875.0;225.0;175.0;175.0;775.0;325.0;650.0;175.0;325.0;675.0;325.0;325.0;725.0;400.0;900.0
325.0;400.0;650.0;700.0;650.0;175.0;650.0;550.0;875.0;225.0;175.0;175.0;200.0;325.0;325.0;650.0;325.0;175.0;675.0;175.0;2200.0;400.0;25.0
175.0;200.0;175.0;700.0;325.0;650.0;650.0;1100.0;450.0;225.0;325.0;175.0;775.0;325.0;650.0;175.0;175.0;675.0;175.0;325.0;1475.0;400.0;775.0
175.0;200.0;650.0;700.0;650.0;175.0;650.0;550.0;450.0;875.0;175.0;175.0;375.0;175.0;650.0;650.0;325.0;675.0;175.0;175.0;725.0;400.0;1275.0
325.0;400.0;325.0;350.0;650.0;325.0;650.0;550.0;875.0;225.0;325.0;175.0;200.0;175.0;325.0;325.0;325.0;675.0;175.0;325.0;1475.0;400.0;1425.0
325.0;825.0;650.0;175.0;325.0;175.0;650.0;550.0;875.0;225.0;325.0;175.0;775.0;175.0;325.0;175.0;325.0;675.0;325.0;175.0;1475.0;400.0;925.0
325.0;200.0;325.0;350.0;325.0;175.0;650.0;2200.0;450.0;450.0;175.0;175.0;775.0;325.0;325.0;325.0;175.0;175.0;175.0;325.0;2200.0;400.0;50.0
325.0;200.0;650.0;700.0;325.0;325.0;650.0;550.0;450.0;225.0;325.0;175.0;375.0;325.0;325.0;650.0;325.0;175.0;175.0;325.0;1475.0;400.0;1550.0
175.0;825.0;650.0;350.0;650.0;325.0;650.0;1100.0;450.0;875.0;650.0;325.0;375.0;325.0;175.0;650.0;675.0;675.0;325.0;175.0;725.0;400.0;0.0
325.0;400.0;325.0;350.0;650.0;325.0;650.0;550.0;875.0;225.0;325.0;175.0;775.0;325.0;325.0;325.0;175.0;675.0;675.0;325.0;725.0;400.0;1075.0
175.0;400.0;325.0;700.0;650.0;175.0;650.0;1100.0;875.0;450.0;175.0;175.0;775.0;325.0;650.0;325.0;175.0;675.0;325.0;325.0;725.0;400.0;475.0
