hepes,k-glut,mg-acet,gsh,spermidine,fthf,cp,aa1,aa2,aa3,atp-gtp,ctp-utp,tRNA,aaRS-mtf,IFs,EFs,RFs,t7pol,ndk-mk-ck-ppiase,factors,ribosomes,DNA,water
175.0,825.0,175.0,700.0,175.0,650.0,325.0,2200.0,875.0,450.0,325.0,175.0,200.0,175.0,325.0,325.0,175.0,675.0,175.0,325.0,725.0,400.0,500.0
325.0,825.0,175.0,350.0,650.0,650.0,650.0,550.0,875.0,450.0,325.0,175.0,200.0,325.0,650.0,175.0,325.0,325.0,175.0,175.0,1475.0,400.0,800.0
175.0,825.0,325.0,700.0,650.0,650.0,650.0,1100.0,875.0,450.0,650.0,175.0,200.0,650.0,650.0,175.0,175.0,325.0,175.0,675.0,375.0,400.0,0.0
175.0,825.0,175.0,700.0,325.0,650.0,650.0,1100.0,875.0,875.0,325.0,175.0,200.0,650.0,325.0,175.0,675.0,175.0,175.0,675.0,375.0,400.0,375.0
175.0,825.0,325.0,700.0,175.0,650.0,325.0,550.0,875.0,450.0,325.0,175.0,775.0,650.0,650.0,175.0,325.0,325.0,175.0,175.0,725.0,400.0,1100.0
175.0,1650.0,175.0,350.0,325.0,650.0,650.0,2200.0,875.0,225.0,325.0,175.0,200.0,175.0,325.0,175.0,325.0,175.0,175.0,675.0,375.0,400.0,300.0
175.0,1650.0,175.0,175.0,325.0,650.0,650.0,1100.0,875.0,450.0,325.0,175.0,375.0,175.0,325.0,175.0,325.0,325.0,175.0,325.0,1475.0,400.0,225.0
175.0,1650.0,325.0,350.0,175.0,650.0,650.0,550.0,875.0,450.0,325.0,175.0,200.0,175.0,325.0,325.0,175.0,325.0,175.0,325.0,1475.0,400.0,800.0
325.0,825.0,325.0,700.0,325.0,650.0,650.0,1100.0,875.0,225.0,325.0,325.0,375.0,325.0,175.0,175.0,175.0,325.0,175.0,325.0,725.0,400.0,1150.0
325.0,825.0,325.0,350.0,650.0,650.0,1000.0,1100.0,875.0,450.0,650.0,175.0,775.0,175.0,325.0,175.0,175.0,325.0,175.0,675.0,375.0,400.0,100.0
175.0,825.0,175.0,350.0,650.0,650.0,325.0,550.0,875.0,450.0,325.0,650.0,775.0,325.0,175.0,175.0,325.0,175.0,175.0,675.0,1475.0,400.0,375.0
175.0,825.0,325.0,700.0,175.0,650.0,325.0,550.0,875.0,225.0,650.0,175.0,200.0,325.0,650.0,175.0,325.0,325.0,175.0,675.0,725.0,400.0,1400.0
325.0,825.0,325.0,700.0,175.0,650.0,325.0,550.0,875.0,225.0,325.0,175.0,200.0,175.0,650.0,175.0,675.0,675.0,175.0,675.0,725.0,400.0,1050.0
175.0,825.0,175.0,350.0,175.0,650.0,325.0,550.0,875.0,225.0,325.0,175.0,200.0,650.0,175.0,325.0,325.0,675.0,175.0,175.0,1475.0,400.0,1675.0
325.0,825.0,175.0,700.0,175.0,650.0,325.0,1100.0,875.0,225.0,325.0,650.0,375.0,650.0,325.0,175.0,175.0,675.0,175.0,325.0,375.0,400.0,1025.0
325.0,825.0,325.0,350.0,175.0,650.0,1000.0,550.0,875.0,450.0,325.0,175.0,375.0,325.0,175.0,325.0,675.0,675.0,175.0,675.0,375.0,400.0,850.0
325.0,825.0,175.0,350.0,650.0,650.0,325.0,550.0,875.0,450.0,325.0,650.0,200.0,175.0,650.0,175.0,675.0,175.0,175.0,675.0,375.0,400.0,1225.0
175.0,825.0,175.0,175.0,325.0,650.0,650.0,550.0,875.0,875.0,650.0,175.0,775.0,650.0,175.0,175.0,325.0,175.0,175.0,325.0,375.0,400.0,1375.0
325.0,1650.0,175.0,700.0,175.0,650.0,650.0,550.0,875.0,225.0,325.0,175.0,775.0,650.0,650.0,325.0,325.0,175.0,175.0,325.0,375.0,400.0,375.0
650.0,825.0,175.0,700.0,325.0,650.0,325.0,1100.0,875.0,450.0,325.0,325.0,775.0,325.0,650.0,325.0,325.0,175.0,175.0,325.0,375.0,400.0,425.0
650.0,825.0,325.0,350.0,175.0,650.0,650.0,550.0,875.0,225.0,325.0,325.0,375.0,650.0,650.0,175.0,325.0,675.0,175.0,325.0,375.0,400.0,925.0
650.0,825.0,175.0,350.0,175.0,650.0,650.0,1100.0,875.0,225.0,325.0,325.0,375.0,175.0,650.0,175.0,175.0,325.0,175.0,675.0,1475.0,400.0,100.0
175.0,1650.0,175.0,700.0,650.0,650.0,650.0,550.0,875.0,225.0,650.0,175.0,375.0,175.0,175.0,325.0,175.0,325.0,175.0,325.0,725.0,400.0,700.0
325.0,825.0,325.0,350.0,175.0,650.0,1000.0,2200.0,450.0,225.0,325.0,175.0,200.0,650.0,175.0,175.0,325.0,175.0,175.0,325.0,375.0,400.0,1075.0
175.0,825.0,175.0,350.0,650.0,650.0,650.0,2200.0,875.0,225.0,650.0,175.0,375.0,175.0,175.0,325.0,325.0,325.0,175.0,175.0,375.0,400.0,600.0
325.0,825.0,325.0,700.0,175.0,650.0,325.0,550.0,875.0,450.0,325.0,175.0,200.0,325.0,650.0,325.0,675.0,675.0,175.0,675.0,725.0,400.0,500.0
175.0,825.0,175.0,700.0,325.0,650.0,325.0,550.0,875.0,875.0,650.0,175.0,200.0,175.0,650.0,175.0,325.0,325.0,175.0,175.0,1475.0,400.0,675.0
325.0,825.0,325.0,350.0,325.0,650.0,650.0,2200.0,450.0,450.0,325.0,175.0,775.0,175.0,175.0,175.0,675.0,175.0,175.0,675.0,375.0,400.0,250.0
325.0,825.0,175.0,700.0,325.0,650.0,650.0,550.0,225.0,450.0,325.0,325.0,200.0,175.0,650.0,325.0,175.0,175.0,175.0,325.0,375.0,400.0,2550.0
325.0,825.0,325.0,350.0,175.0,650.0,325.0,550.0,450.0,875.0,325.0,175.0,375.0,650.0,325.0,175.0,325.0,675.0,175.0,325.0,725.0,400.0,1475.0
325.0,825.0,325.0,350.0,325.0,325.0,650.0,1100.0,450.0,450.0,650.0,325.0,375.0,325.0,325.0,325.0,325.0,325.0,325.0,325.0,725.0,400.0,1050.0
650.0,400.0,175.0,700.0,175.0,650.0,325.0,1100.0,450.0,225.0,325.0,325.0,200.0,175.0,325.0,650.0,325.0,675.0,175.0,325.0,375.0,400.0,1900.0
650.0,825.0,325.0,700.0,175.0,325.0,650.0,2200.0,875.0,225.0,325.0,175.0,200.0,175.0,650.0,175.0,325.0,325.0,175.0,325.0,725.0,400.0,75.0
