hepes,k-glut,mg-acet,gsh,spermidine,fthf,cp,aa1,aa2,aa3,atp-gtp,ctp-utp,tRNA,aaRS-mtf,IFs,EFs,RFs,t7pol,ndk-mk-ck-ppiase,factors,ribosomes,DNA,water
325,650,175,175,175,325,325,1100,225,225,1325,325,200,650,650,325,325,675,175,325,1475,400,475
650,650,325,350,175,325,325,1100,875,450,325,325,200,650,650,650,175,675,175,325,375,400,850
175,325,650,350,175,650,325,1100,225,225,325,325,200,175,650,325,325,675,175,325,375,400,2550
175,650,325,175,175,650,325,1100,225,225,1325,650,200,650,175,325,675,675,675,325,725,400,200
175,325,175,175,175,650,325,2200,875,450,325,325,375,175,650,325,675,675,325,175,375,400,700
325,325,175,175,175,325,325,2200,450,225,650,650,200,325,325,650,325,675,325,325,725,400,700
175,325,175,700,325,650,325,2200,450,450,325,650,200,175,325,325,675,675,175,675,375,400,325
325,650,325,175,175,325,325,2200,875,225,325,650,200,325,650,325,675,325,175,325,725,400,250
175,325,650,700,175,650,325,1100,450,450,650,650,200,175,325,325,675,675,675,675,375,400,250
175,650,325,700,175,325,325,1100,875,450,325,175,200,175,325,325,175,675,675,675,725,400,1100
650,325,325,350,175,325,325,1100,225,225,325,325,200,325,650,325,175,675,175,675,1475,400,1275
650,650,175,700,175,325,325,1100,875,225,325,175,200,650,650,325,175,675,325,325,1475,400,125
175,650,175,700,175,650,325,2200,225,450,650,325,375,325,650,325,325,675,175,325,375,400,350
175,650,175,175,325,325,325,2200,225,225,1325,650,200,175,650,650,325,675,175,325,375,400,300
175,650,175,700,175,325,325,2200,225,875,650,325,200,175,325,325,175,675,175,175,725,400,900
325,650,175,700,175,325,325,2200,225,225,650,650,200,175,175,650,325,675,175,325,725,400,575
175,650,175,350,325,325,325,1100,450,450,325,650,200,175,175,325,675,675,175,325,725,400,1900
325,325,650,350,175,650,325,1100,225,225,650,325,200,175,650,325,175,675,325,675,725,400,1350
325,325,175,350,175,325,325,2200,450,450,325,650,375,175,325,650,675,675,175,175,725,400,600
325,650,325,350,175,650,325,1100,875,225,650,650,200,650,175,325,175,675,325,175,375,400,1225
175,650,650,700,175,650,325,1100,875,450,1325,325,200,175,175,325,175,675,325,325,375,400,500
175,650,325,700,325,325,325,1100,875,225,325,650,375,175,325,650,675,675,175,675,725,400,150
175,650,650,175,175,650,325,1100,225,225,325,175,375,325,650,650,675,675,175,325,725,400,1150
175,650,325,175,175,650,325,1100,875,450,650,325,375,325,175,650,175,675,175,325,725,400,1100
175,650,650,175,175,325,325,550,450,450,325,650,200,325,325,325,675,675,175,675,725,400,1625
175,650,325,175,175,325,325,1100,450,450,325,650,200,175,650,325,175,325,325,675,1475,400,1175
325,650,325,350,325,325,650,1100,450,450,650,325,375,325,325,325,325,325,325,325,725,400,1225
